health,speed,damage,aggression
171.29557101485162,5.863779786385499,23.9553437209266,0.5679395993024752
