health,speed,damage,aggression
176.04621278832846,5.661351491402438,16.656356803075205,0.40101797016047014
176.04621278832846,5.661351491402438,16.656356803075205,0.40101797016047014
176.04621278832846,5.661351491402438,16.656356803075205,0.40101797016047014
