health,speed,damage,aggression,combo_multiplier,lifesteal_rate,accuracy,multishot_chance
152.67078234287672,4.874569927352082,20.353657602464065,0.7585127746199364,1.698515348063333,0.11387725566037304,0.7068017605816898,0.029576039021192158
152.67078234287672,4.874569927352082,20.353657602464065,0.7585127746199364,1.698515348063333,0.11387725566037304,0.7068017605816898,0.029576039021192158
