health,speed,damage,aggression
129.4116541379076,5.813049134991877,20.802490148100862,0.5023811769783841
129.4116541379076,5.813049134991877,20.802490148100862,0.5023811769783841
129.4116541379076,5.813049134991877,20.802490148100862,0.5023811769783841
