health,speed,damage,aggression
137.78888511775548,4.051828539047115,20.673100843165077,0.5062569433578148
