health,speed,damage,aggression
161.35651835942494,5.1649724891941595,21.33382209390787,0.4825692384390138
161.35651835942494,5.1649724891941595,21.33382209390787,0.4825692384390138
161.35651835942494,5.1649724891941595,21.33382209390787,0.4825692384390138
